{
    	"x":[
		"10^1",
		"10^2",
		"10^3",
		"10^4",
		"10^5",
		"10^6",
		"10^7",
		"10^8",
		"10^9",
		"10^10"
	],
	"Primes":[
		4.0,
		2.5e1,
		1.68e2,
		1.229e3,
		9.592e3,
		7.8498e4,
		6.64579e5,
		5.761455e6,
		5.0847534e7,
		4.55052512e8
	],
	"Prop":[
		0.4,
		0.25,
		0.168,
		0.1229,
		9.592e-2,
		7.8498e-2,
		6.6458e-2,
		5.7615e-2,
		5.0848e-2,
		4.5505e-2
	]
}
