{
	"Incom74":[
		4.1651643e7,
		1.4640074e8,
		1.92688922e8,
		4.7001079e8,
		2.9427152e7,
		8.80179247e8
	],
	"Tax74":[
		2.244467e6,
		1.3646348e7,
		2.1449597e7,
		7.503823e7,
		1.1311672e7,
		1.23690314e8
	],
	"Incom78":[
		1.9879622e7,
		1.22853315e8,
		1.71858024e8,
		8.65037814e8,
		6.2806159e7,
		1.242434934e9
	],
	"Tax78":[
		6.89318e5,
		8.819461e6,
		1.7155758e7,
		1.37860951e8,
		2.4051698e7,
		1.88577186e8
	],
	"Gross":[
		"0-5K",
		"5-9K",
		"10-14K",
		"15-99K",
		"100K+",
		"Total"
	]
}