{
	"Method1":[
		1.20129e1,
		1.20072e1,
		1.20064e1,
		1.20054e1,
		1.20016e1,
		1.19853e1,
		1.19949e1,
		1.19985e1,
		1.20077e1,
		1.20061e1
	],
	"Method2":[
		1.20318e1,
		1.20246e1,
		1.20069e1,
		1.20006e1,
		1.20075e1
	]
}